{"BackwardsRatioScale":[0.8802878334272878404490058911,0.8855690260287003529658011655,0.9118331468765744865680302487],"BackwardsPanamaCanalScale":[-227.50,-227.25,-164.75],"ForwardPanamaCanalScale":null,"Date":"2009-11-30T00:00:00","DataMappingMode":1}
{"BackwardsRatioScale":[0.6797930916894590884061162049,0.8676478795337816670871702526,0.9827624810051333644762075429],"BackwardsPanamaCanalScale":[-870.25,-250.25,101.75],"ForwardPanamaCanalScale":null,"Date":"2009-12-18T00:00:00","DataMappingMode":0}
{"BackwardsRatioScale":[0.8162266414291443239527577192,0.8730944351485959494932328271,0.8814807261153544898474113586],"BackwardsPanamaCanalScale":[-318.25,-220.50,-196.25],"ForwardPanamaCanalScale":null,"Date":"2009-12-18T00:00:00","DataMappingMode":2}
{"BackwardsRatioScale":[0.8837248782523369661466708199,0.8874033462207045654345450575,0.9118331468765744865680302487],"BackwardsPanamaCanalScale":[-223.25,-225.00,-164.75],"ForwardPanamaCanalScale":null,"Date":"2010-02-28T00:00:00","DataMappingMode":1}
{"BackwardsRatioScale":[0.6828893936329319150442674971,0.8722165382401179716528765062,0.9895589020355976339400817307],"BackwardsPanamaCanalScale":[-865.25,-244.50,109.25],"ForwardPanamaCanalScale":null,"Date":"2010-03-19T00:00:00","DataMappingMode":0}
{"BackwardsRatioScale":[0.8199443669651458922695546115,0.8776917730626109922675790622,0.8875767200718922110773381315],"BackwardsPanamaCanalScale":[-313.25,-214.75,-188.75],"ForwardPanamaCanalScale":null,"Date":"2010-03-19T00:00:00","DataMappingMode":2}
{"BackwardsRatioScale":[0.8877272554183348690730597276,0.891846421691085880964713467,0.9118331468765744865680302487],"BackwardsPanamaCanalScale":[-218.25,-219.50,-164.75],"ForwardPanamaCanalScale":null,"Date":"2010-05-31T00:00:00","DataMappingMode":1}
{"BackwardsRatioScale":[0.6910102404761343486285777052,0.8761949368724034793428657344,0.9947443635309806783100734253],"BackwardsPanamaCanalScale":[-851.50,-239.25,115.25],"ForwardPanamaCanalScale":null,"Date":"2010-06-18T00:00:00","DataMappingMode":0}
{"BackwardsRatioScale":[0.8296950567344611407181655312,0.8816951456156767678621966036,0.8922277771203038733187914317],"BackwardsPanamaCanalScale":[-299.50,-209.50,-182.75],"ForwardPanamaCanalScale":null,"Date":"2010-06-18T00:00:00","DataMappingMode":2}
{"BackwardsRatioScale":[0.8907869771166976960574567625,0.8934888644566311588302101769,0.9118331468765744865680302487],"BackwardsPanamaCanalScale":[-214.50,-217.50,-164.75],"ForwardPanamaCanalScale":null,"Date":"2010-08-31T00:00:00","DataMappingMode":1}
{"BackwardsRatioScale":[0.696300568820243460957641349,0.88035785399329046419947211,0.9960965307673164019326063752],"BackwardsPanamaCanalScale":[-843.00,-234.00,116.75],"ForwardPanamaCanalScale":null,"Date":"2010-09-17T00:00:00","DataMappingMode":0}
{"BackwardsRatioScale":[0.8360471467882714714509774267,0.8858841949500498927773789857,0.8934405924041103579676162501],"BackwardsPanamaCanalScale":[-291.00,-204.25,-181.25],"ForwardPanamaCanalScale":null,"Date":"2010-09-17T00:00:00","DataMappingMode":2}
{"BackwardsRatioScale":[0.8954686095812383910677921779,0.8997220078459124442779070966,0.9118331468765744865680302487],"BackwardsPanamaCanalScale":[-209.00,-210.25,-164.75],"ForwardPanamaCanalScale":null,"Date":"2010-11-30T00:00:00","DataMappingMode":1}
{"BackwardsRatioScale":[0.7046972259699292909915209008,0.8841090984933740073301718118,1.003523368886458164531742392],"BackwardsPanamaCanalScale":[-829.50,-229.25,125.00],"ForwardPanamaCanalScale":null,"Date":"2010-12-17T00:00:00","DataMappingMode":0}
{"BackwardsRatioScale":[0.8461290016177861341259110535,0.8896589874380631127735149356,0.9001020337844392422452780974],"BackwardsPanamaCanalScale":[-277.50,-199.50,-173.00],"ForwardPanamaCanalScale":null,"Date":"2010-12-17T00:00:00","DataMappingMode":2}
{"BackwardsRatioScale":[0.8996726875604930314014437844,0.8964697700969478447557458335,0.9118331468765744865680302487],"BackwardsPanamaCanalScale":[-203.50,-214.50,-164.75],"ForwardPanamaCanalScale":null,"Date":"2011-02-28T00:00:00","DataMappingMode":1}
{"BackwardsRatioScale":[0.7066886997615277992825748557,0.8878727901755878435665256752,1.003523368886458164531742392],"BackwardsPanamaCanalScale":[-826.00,-224.00,125.00],"ForwardPanamaCanalScale":null,"Date":"2011-03-18T00:00:00","DataMappingMode":0}
{"BackwardsRatioScale":[0.8485201614931694619171429378,0.8934463052439012083275882812,0.9001020337844392422452780974],"BackwardsPanamaCanalScale":[-274.00,-194.25,-173.00],"ForwardPanamaCanalScale":null,"Date":"2011-03-18T00:00:00","DataMappingMode":2}
{"BackwardsRatioScale":[0.9030728110962469733190607299,0.9019235785842296567390507511,0.9262731464987991115001620526],"BackwardsPanamaCanalScale":[-198.50,-206.50,-144.25],"ForwardPanamaCanalScale":null,"Date":"2011-05-31T00:00:00","DataMappingMode":1}
{"BackwardsRatioScale":[0.7158376707666790026471589947,0.8917209385963646230303679851,1.0039189240180649671192598309],"BackwardsPanamaCanalScale":[-809.50,-218.50,125.50],"ForwardPanamaCanalScale":null,"Date":"2011-06-17T00:00:00","DataMappingMode":0}
{"BackwardsRatioScale":[0.8595053185466314439662860202,0.8973186099553601970161633289,0.9004568237070976731645706784],"BackwardsPanamaCanalScale":[-257.50,-188.75,-172.50],"ForwardPanamaCanalScale":null,"Date":"2011-06-17T00:00:00","DataMappingMode":2}
{"BackwardsRatioScale":[0.9066096497820025097680909938,0.9071683039520989344278353268,0.9262731464987991115001620526],"BackwardsPanamaCanalScale":[-193.25,-198.75,-144.25],"ForwardPanamaCanalScale":null,"Date":"2011-08-31T00:00:00","DataMappingMode":1}
{"BackwardsRatioScale":[0.7243208349472045290462957791,0.8954349686857187795324778082,1.0151943872641563506248110845],"BackwardsPanamaCanalScale":[-794.50,-213.25,139.50],"ForwardPanamaCanalScale":null,"Date":"2011-09-16T00:00:00","DataMappingMode":0}
{"BackwardsRatioScale":[0.8696910422505220002842747939,0.9010559544236391664999672619,0.9105702577479315018242610029],"BackwardsPanamaCanalScale":[-242.50,-183.50,-158.50],"ForwardPanamaCanalScale":null,"Date":"2011-09-16T00:00:00","DataMappingMode":2}
{"BackwardsRatioScale":[0.9099743866265542716600138058,0.9113020451880032791994617513,0.9351833440602681117362572961],"BackwardsPanamaCanalScale":[-188.75,-193.25,-132.75],"ForwardPanamaCanalScale":null,"Date":"2011-11-30T00:00:00","DataMappingMode":1}
{"BackwardsRatioScale":[0.7259646412571734272966587363,0.8995177809781717978018486915,1.0333993499049692809630197221],"BackwardsPanamaCanalScale":[-791.75,-207.75,160.75],"ForwardPanamaCanalScale":null,"Date":"2011-12-16T00:00:00","DataMappingMode":0}
{"BackwardsRatioScale":[0.8716647582531536780237274497,0.9051643960811148269482572681,0.9268990492898247882493796073],"BackwardsPanamaCanalScale":[-239.75,-178.00,-137.25],"ForwardPanamaCanalScale":null,"Date":"2011-12-16T00:00:00","DataMappingMode":2}
{"BackwardsRatioScale":[0.9145720745137134989824673921,0.9200413220955397317851329821,0.9351833440602681117362572961],"BackwardsPanamaCanalScale":[-182.50,-181.50,-132.75],"ForwardPanamaCanalScale":null,"Date":"2012-02-29T00:00:00","DataMappingMode":1}
{"BackwardsRatioScale":[0.7343642321477522933976118126,0.9032502199033924276682464039,1.0361940641859687818268681216],"BackwardsPanamaCanalScale":[-777.75,-202.75,164.00],"ForwardPanamaCanalScale":null,"Date":"2012-03-16T00:00:00","DataMappingMode":0}
{"BackwardsRatioScale":[0.8817501356213719850421838003,0.9089202649445219424127728584,0.9294057452833275388728957161],"BackwardsPanamaCanalScale":[-225.75,-173.00,-134.00],"ForwardPanamaCanalScale":null,"Date":"2012-03-16T00:00:00","DataMappingMode":2}
{"BackwardsRatioScale":[0.9184495229402232520657110326,0.9210600059731136824016140299,0.9388215156470160980916595568],"BackwardsPanamaCanalScale":[-176.75,-180.00,-127.50],"ForwardPanamaCanalScale":null,"Date":"2012-05-31T00:00:00","DataMappingMode":1}
{"BackwardsRatioScale":[0.7380393346500109286460717108,0.907304305271001908941443201,1.0412413742586769104772966692],"BackwardsPanamaCanalScale":[-770.75,-196.50,170.75],"ForwardPanamaCanalScale":null,"Date":"2012-06-15T00:00:00","DataMappingMode":0}
{"BackwardsRatioScale":[0.8861628262017827831800177854,0.9129997993473250031955949987,0.9339328885491853493635268156],"BackwardsPanamaCanalScale":[-218.75,-166.75,-127.25],"ForwardPanamaCanalScale":null,"Date":"2012-06-15T00:00:00","DataMappingMode":2}
{"BackwardsRatioScale":[0.9235706604455619319945527207,0.9210600059731136824016140299,0.9388215156470160980916595568],"BackwardsPanamaCanalScale":[-169.50,-180.00,-127.50],"ForwardPanamaCanalScale":null,"Date":"2012-08-31T00:00:00","DataMappingMode":1}
{"BackwardsRatioScale":[0.7366605950000015676734468804,0.912075107251769618509586001,1.0485269133750859584515137601],"BackwardsPanamaCanalScale":[-773.25,-189.50,180.00],"ForwardPanamaCanalScale":null,"Date":"2012-09-21T00:00:00","DataMappingMode":0}
{"BackwardsRatioScale":[0.8845073753775687297834550771,0.9178005494659588248086422588,0.9404675929509099821030219919],"BackwardsPanamaCanalScale":[-221.25,-159.75,-118.00],"ForwardPanamaCanalScale":null,"Date":"2012-09-21T00:00:00","DataMappingMode":2}
{"BackwardsRatioScale":[0.9281959472444307808759420028,0.9248646719460629666500402373,0.9440776953445160979184324386],"BackwardsPanamaCanalScale":[-162.50,-174.25,-119.75],"ForwardPanamaCanalScale":null,"Date":"2012-11-30T00:00:00","DataMappingMode":1}
{"BackwardsRatioScale":[0.7450331796857257115457471205,0.9169702471971998224870439591,1.0481639757103663025295852334],"BackwardsPanamaCanalScale":[-756.75,-181.75,179.50],"ForwardPanamaCanalScale":null,"Date":"2012-12-21T00:00:00","DataMappingMode":0}
{"BackwardsRatioScale":[0.8945603264323163681794785032,0.9227264180659319417700459828,0.9401420589969636650444885817],"BackwardsPanamaCanalScale":[-204.75,-152.00,-118.50],"ForwardPanamaCanalScale":null,"Date":"2012-12-21T00:00:00","DataMappingMode":2}
{"BackwardsRatioScale":[0.932811377278677639669145053,0.92998445852290724378685296,0.9481411574478640868621272698],"BackwardsPanamaCanalScale":[-155.50,-166.50,-113.75],"ForwardPanamaCanalScale":null,"Date":"2013-02-28T00:00:00","DataMappingMode":1}
{"BackwardsRatioScale":[0.7435979143658407758492491839,0.9231135598547269016927046908,1.05224532216445976423854999],"BackwardsPanamaCanalScale":[-759.50,-172.25,185.00],"ForwardPanamaCanalScale":null,"Date":"2013-03-15T00:00:00","DataMappingMode":0}
{"BackwardsRatioScale":[0.8928370053130947429518122574,0.9289082946326642079525674474,0.9438027891381907802004140239],"BackwardsPanamaCanalScale":[-207.50,-142.50,-113.00],"ForwardPanamaCanalScale":null,"Date":"2013-03-15T00:00:00","DataMappingMode":2}
{"BackwardsRatioScale":[0.9363800169455787683638207576,0.9334000942637259348324808006,0.9464031883207308582409835605],"BackwardsPanamaCanalScale":[-149.75,-161.00,-116.50],"ForwardPanamaCanalScale":null,"Date":"2013-05-31T00:00:00","DataMappingMode":1}
{"BackwardsRatioScale":[0.7473075273921267533277375529,0.9266926754341313355603339174,1.0570267030506338754684557673],"BackwardsPanamaCanalScale":[-751.75,-166.25,192.00],"ForwardPanamaCanalScale":null,"Date":"2013-06-21T00:00:00","DataMappingMode":0}
{"BackwardsRatioScale":[0.8972911326328092484283983823,0.9325098776813207412305741709,0.9480914094069134906589683233],"BackwardsPanamaCanalScale":[-199.75,-136.50,-106.00],"ForwardPanamaCanalScale":null,"Date":"2013-06-21T00:00:00","DataMappingMode":2}
{"BackwardsRatioScale":[0.9395556544317515343425480671,0.9362867498822932022975572837,0.94992851449172225054236236],"BackwardsPanamaCanalScale":[-144.25,-156.00,-110.50],"ForwardPanamaCanalScale":null,"Date":"2013-08-31T00:00:00","DataMappingMode":1}
{"BackwardsRatioScale":[0.7555676769132776885453187354,0.9305128767281359993822094021,1.0644527249146332193165496606],"BackwardsPanamaCanalScale":[-734.25,-159.75,203.00],"ForwardPanamaCanalScale":null,"Date":"2013-09-20T00:00:00","DataMappingMode":0}
{"BackwardsRatioScale":[0.9072090829382405838760516093,0.9363540598312675208836572418,0.9547521186539044204991399034],"BackwardsPanamaCanalScale":[-182.25,-130.00,-95.00],"ForwardPanamaCanalScale":null,"Date":"2013-09-20T00:00:00","DataMappingMode":2}
{"BackwardsRatioScale":[0.9434572235904192198896487742,0.9401909571790996758824274067,0.9537582774591256896048683953],"BackwardsPanamaCanalScale":[-137.50,-149.25,-104.00],"ForwardPanamaCanalScale":null,"Date":"2013-11-30T00:00:00","DataMappingMode":1}
{"BackwardsRatioScale":[0.7655428992870777460440833953,0.9358669638028479061358101939,1.0680770643184876329426459807],"BackwardsPanamaCanalScale":[-711.75,-150.00,208.75],"ForwardPanamaCanalScale":null,"Date":"2013-12-20T00:00:00","DataMappingMode":0}
{"BackwardsRatioScale":[0.9191863188872565223458835948,0.9417417565461420315526543844,0.9580029400793729329597587365],"BackwardsPanamaCanalScale":[-159.75,-120.25,-89.25],"ForwardPanamaCanalScale":null,"Date":"2013-12-20T00:00:00","DataMappingMode":2}
{"BackwardsRatioScale":[0.9468561272641549687766005364,0.9430657592719336151276551208,0.9537582774591256896048683953],"BackwardsPanamaCanalScale":[-131.00,-143.75,-104.00],"ForwardPanamaCanalScale":null,"Date":"2014-02-28T00:00:00","DataMappingMode":1}
{"BackwardsRatioScale":[0.7629089091298830111622912008,0.9465491869420229518350218359,1.0710588540011188100307047355],"BackwardsPanamaCanalScale":[-718.00,-129.50,213.75],"ForwardPanamaCanalScale":null,"Date":"2014-03-21T00:00:00","DataMappingMode":0}
{"BackwardsRatioScale":[0.91602369048480931438295391,0.9524910360612845213337398047,0.9606774318160545994392667173],"BackwardsPanamaCanalScale":[-166.00,-99.75,-84.25],"ForwardPanamaCanalScale":null,"Date":"2014-03-21T00:00:00","DataMappingMode":2}
{"BackwardsRatioScale":[0.9505607721225819107753217204,0.9528357971269863625035686689,0.9566271155920352828741201187],"BackwardsPanamaCanalScale":[-123.75,-124.75,-98.50],"ForwardPanamaCanalScale":null,"Date":"2014-05-31T00:00:00","DataMappingMode":1}
{"BackwardsRatioScale":[0.7723490731702258809708898276,0.9505123183298137016333586372,1.075562153129565125385506288],"BackwardsPanamaCanalScale":[-695.00,-121.75,221.50],"ForwardPanamaCanalScale":null,"Date":"2014-06-20T00:00:00","DataMappingMode":0}
{"BackwardsRatioScale":[0.9273584826199273314540005488,0.9564790455315573225440782615,0.9647166289388401267121023701],"BackwardsPanamaCanalScale":[-143.00,-92.00,-76.50],"ForwardPanamaCanalScale":null,"Date":"2014-06-20T00:00:00","DataMappingMode":2}
{"BackwardsRatioScale":[0.9542899238374606157999404796,0.955459656521120471290950644,0.9602788447419851345528550777],"BackwardsPanamaCanalScale":[-116.25,-119.50,-91.25],"ForwardPanamaCanalScale":null,"Date":"2014-08-31T00:00:00","DataMappingMode":1}
{"BackwardsRatioScale":[0.7779823293660931714654951661,0.9565096275750056758002443664,1.0769489016508770969241673327],"BackwardsPanamaCanalScale":[-680.75,-109.50,224.00],"ForwardPanamaCanalScale":null,"Date":"2014-09-19T00:00:00","DataMappingMode":0}
{"BackwardsRatioScale":[0.9341223256793433081517456584,0.9625140021670255570025716732,0.9659604616218453357460272055],"BackwardsPanamaCanalScale":[-128.75,-79.75,-74.00],"ForwardPanamaCanalScale":null,"Date":"2014-09-19T00:00:00","DataMappingMode":2}
{"BackwardsRatioScale":[0.958362966444851233542496088,0.9617376325306097642536912851,0.9595513607686957518751635208],"BackwardsPanamaCanalScale":[-107.75,-106.50,-92.75],"ForwardPanamaCanalScale":null,"Date":"2014-11-30T00:00:00","DataMappingMode":1}
{"BackwardsRatioScale":[0.7848817479752603729611297098,0.9605890715460982740161510784,1.0807447940534733404682102186],"BackwardsPanamaCanalScale":[-663.00,-101.00,231.00],"ForwardPanamaCanalScale":null,"Date":"2014-12-19T00:00:00","DataMappingMode":0}
{"BackwardsRatioScale":[0.9424064482278361104098987863,0.9666190543589070006726779749,0.9693651560988609033946788623],"BackwardsPanamaCanalScale":[-111.00,-71.25,-67.00],"ForwardPanamaCanalScale":null,"Date":"2014-12-19T00:00:00","DataMappingMode":2}
{"BackwardsRatioScale":[0.9622197930171292933848012552,0.9643248455308143882220920198,0.9635573463121799924895735846],"BackwardsPanamaCanalScale":[-99.50,-101.00,-84.25],"ForwardPanamaCanalScale":null,"Date":"2015-02-28T00:00:00","DataMappingMode":1}
{"BackwardsRatioScale":[0.7846917499728456403605581461,0.9626864275975089689375837227,1.0854849027993219077509655266],"BackwardsPanamaCanalScale":[-663.50,-96.50,240.00],"ForwardPanamaCanalScale":null,"Date":"2015-03-20T00:00:00","DataMappingMode":0}
{"BackwardsRatioScale":[0.9421783178845226666649435942,0.9687295763116557059143213766,0.9736167576606980126200941205],"BackwardsPanamaCanalScale":[-111.50,-66.75,-58.00],"ForwardPanamaCanalScale":null,"Date":"2015-03-20T00:00:00","DataMappingMode":2}
{"BackwardsRatioScale":[0.9658901987122715197989523626,0.9680173661790118347247971705,0.9662165518515584589915246516],"BackwardsPanamaCanalScale":[-91.50,-93.00,-78.50],"ForwardPanamaCanalScale":null,"Date":"2015-05-31T00:00:00","DataMappingMode":1}
{"BackwardsRatioScale":[0.7856264631949693397534831707,0.9660234950610910583589547397,1.0870441341655646492990875743],"BackwardsPanamaCanalScale":[-661.00,-89.25,243.00],"ForwardPanamaCanalScale":null,"Date":"2015-06-19T00:00:00","DataMappingMode":0}
{"BackwardsRatioScale":[0.9433006267801564042071293519,0.9720875918164415074289658088,0.975015297413143353313347787],"BackwardsPanamaCanalScale":[-109.00,-59.50,-55.00],"ForwardPanamaCanalScale":null,"Date":"2015-06-19T00:00:00","DataMappingMode":2}
{"BackwardsRatioScale":[0.9691098327079790915316155372,0.9714869624735602642399398127,0.9692272937437133631063112816],"BackwardsPanamaCanalScale":[-84.50,-85.50,-72.00],"ForwardPanamaCanalScale":null,"Date":"2015-08-31T00:00:00","DataMappingMode":1}
{"BackwardsRatioScale":[0.7924531185709046762374736803,0.9694855312397832972492627844,1.0910847058872831749739402979],"BackwardsPanamaCanalScale":[-642.75,-81.75,250.75],"ForwardPanamaCanalScale":null,"Date":"2015-09-18T00:00:00","DataMappingMode":0}
{"BackwardsRatioScale":[0.9514973826133847600584709116,0.9755713605124746271545504432,0.9786394549934559964731456025],"BackwardsPanamaCanalScale":[-90.75,-52.00,-47.25],"ForwardPanamaCanalScale":null,"Date":"2015-09-18T00:00:00","DataMappingMode":2}
{"BackwardsRatioScale":[0.9732167576443298440705321049,0.9709881885228614783258132873,0.9719719198812293489459738956],"BackwardsPanamaCanalScale":[-76.25,-86.50,-66.50],"ForwardPanamaCanalScale":null,"Date":"2015-11-30T00:00:00","DataMappingMode":1}
{"BackwardsRatioScale":[0.7976418602639482169343681671,0.9732340253675308805612202381,1.093621784392123776595117268],"BackwardsPanamaCanalScale":[-630.00,-74.25,255.25],"ForwardPanamaCanalScale":null,"Date":"2015-12-18T00:00:00","DataMappingMode":0}
{"BackwardsRatioScale":[0.9577274977133054973499052442,0.9793433853630190579851518755,0.9809150666960631800329591435],"BackwardsPanamaCanalScale":[-78.00,-44.50,-42.75],"ForwardPanamaCanalScale":null,"Date":"2015-12-18T00:00:00","DataMappingMode":2}
{"BackwardsRatioScale":[0.9764916127355497978782445071,0.9743840709959877425408939175,0.9776311450333762447185850973],"BackwardsPanamaCanalScale":[-69.25,-79.25,-54.50],"ForwardPanamaCanalScale":null,"Date":"2016-02-29T00:00:00","DataMappingMode":1}
{"BackwardsRatioScale":[0.8127369750527508464314341645,0.976784187221072817106663683,1.0959653581138767205258013716],"BackwardsPanamaCanalScale":[-592.25,-67.00,259.50],"ForwardPanamaCanalScale":null,"Date":"2016-03-18T00:00:00","DataMappingMode":0}
{"BackwardsRatioScale":[0.9758521815276568108102180267,0.9829158329322678067501291591,0.9830171158746630885241428452],"BackwardsPanamaCanalScale":[-40.25,-37.25,-38.50],"ForwardPanamaCanalScale":null,"Date":"2016-03-18T00:00:00","DataMappingMode":2}
{"BackwardsRatioScale":[0.9811905579392453815069992277,0.9773074774182298137747108442,0.9834037997409608046204793801],"BackwardsPanamaCanalScale":[-60.00,-73.50,-43.25],"ForwardPanamaCanalScale":null,"Date":"2016-05-31T00:00:00","DataMappingMode":1}
{"BackwardsRatioScale":[0.81642443894937276933982939,0.9815988967082993004935110702,1.0969115541556622579016869919],"BackwardsPanamaCanalScale":[-583.00,-57.00,261.25],"ForwardPanamaCanalScale":null,"Date":"2016-06-17T00:00:00","DataMappingMode":0}
{"BackwardsRatioScale":[0.9802797144174818631707303586,0.987760766181471837837005951,0.9838657986338050028827601368],"BackwardsPanamaCanalScale":[-31.00,-27.25,-36.75],"ForwardPanamaCanalScale":null,"Date":"2016-06-17T00:00:00","DataMappingMode":2}
{"BackwardsRatioScale":[0.9853053038687773235574119971,0.9804794093680185149373406306,0.9862490910241172915777899895],"BackwardsPanamaCanalScale":[-51.25,-66.75,-37.25],"ForwardPanamaCanalScale":null,"Date":"2016-08-31T00:00:00","DataMappingMode":1}
{"BackwardsRatioScale":[0.8238563885696183037129920559,0.9850661766114102237230252993,1.0993217602072738204800842533],"BackwardsPanamaCanalScale":[-564.25,-49.75,265.75],"ForwardPanamaCanalScale":null,"Date":"2016-09-16T00:00:00","DataMappingMode":0}
{"BackwardsRatioScale":[0.9892032462273266428451817213,0.9912498115187754533421549367,0.9860276131327562345785474515],"BackwardsPanamaCanalScale":[-12.25,-20.00,-32.25],"ForwardPanamaCanalScale":null,"Date":"2016-09-16T00:00:00","DataMappingMode":2}
{"BackwardsRatioScale":[0.9886094035232864057016262603,0.9832080162586530748119343429,0.9890014140688357584380070778],"BackwardsPanamaCanalScale":[-44.00,-60.75,-31.25],"ForwardPanamaCanalScale":null,"Date":"2016-11-30T00:00:00","DataMappingMode":1}
{"BackwardsRatioScale":[0.8274299743113622518064716229,0.9879617268072109592424933337,1.1051692163785891067592336376],"BackwardsPanamaCanalScale":[-555.00,-43.50,277.00],"ForwardPanamaCanalScale":null,"Date":"2016-12-16T00:00:00","DataMappingMode":0}
{"BackwardsRatioScale":[0.9934940457713373211318489808,0.9941635381840275857740836696,0.9912724408621857890177950443],"BackwardsPanamaCanalScale":[-3.00,-13.75,-21.00],"ForwardPanamaCanalScale":null,"Date":"2016-12-16T00:00:00","DataMappingMode":2}
{"BackwardsRatioScale":[0.9908618742535741395947719114,0.9864670209987949126413486869,0.9877595173160095948143977082],"BackwardsPanamaCanalScale":[-39.00,-53.50,-34.00],"ForwardPanamaCanalScale":null,"Date":"2017-02-28T00:00:00","DataMappingMode":1}
{"BackwardsRatioScale":[0.8317399830437831789742544187,0.9904865178868293872494463722,1.1091127283014386664622103857],"BackwardsPanamaCanalScale":[-543.25,-37.75,285.00],"ForwardPanamaCanalScale":null,"Date":"2017-03-17T00:00:00","DataMappingMode":0}
{"BackwardsRatioScale":[0.9986690673995377926039975901,0.9967041783371645451599507723,0.9948095414540223127966274976],"BackwardsPanamaCanalScale":[8.75,-8.00,-13.00],"ForwardPanamaCanalScale":null,"Date":"2017-03-17T00:00:00","DataMappingMode":2}
{"BackwardsRatioScale":[0.9925407676124703787384250249,0.9898212814038487259666619542,0.9874447437285921284043230117],"BackwardsPanamaCanalScale":[-35.00,-45.50,-34.75],"ForwardPanamaCanalScale":null,"Date":"2017-05-31T00:00:00","DataMappingMode":1}
{"BackwardsRatioScale":[0.8349790504443325924698914478,0.9919481824014721206131537875,1.1075949950942893293396831505],"BackwardsPanamaCanalScale":[-534.00,-34.25,281.75],"ForwardPanamaCanalScale":null,"Date":"2017-06-16T00:00:00","DataMappingMode":0}
{"BackwardsRatioScale":[1.0025582112258490122994346926,0.9981750182756825491266672592,0.9934482231341378612106952705],"BackwardsPanamaCanalScale":[18.00,-4.50,-16.25],"ForwardPanamaCanalScale":null,"Date":"2017-06-16T00:00:00","DataMappingMode":2}
{"BackwardsRatioScale":[0.9936735698996396227896932004,0.9901294769247840187718409875,0.989807543261026337617109053],"BackwardsPanamaCanalScale":[-32.25,-44.75,-29.00],"ForwardPanamaCanalScale":null,"Date":"2017-08-31T00:00:00","DataMappingMode":1}
{"BackwardsRatioScale":[0.8347218172186873883440535268,0.9930699496479423779717170333,1.1107925061637439227226619244],"BackwardsPanamaCanalScale":[-534.75,-31.50,288.75],"ForwardPanamaCanalScale":null,"Date":"2017-09-15T00:00:00","DataMappingMode":0}
{"BackwardsRatioScale":[1.0022493516413678511742654275,0.999303827281648675171736997,0.9963162043948612203316252084],"BackwardsPanamaCanalScale":[17.25,-1.75,-9.25],"ForwardPanamaCanalScale":null,"Date":"2017-09-15T00:00:00","DataMappingMode":2}
{"BackwardsRatioScale":[1.0006457526787416626123866028,0.9998037291462217860647693817,0.9992153785798352295017653982],"BackwardsPanamaCanalScale":[13.25,-0.5,-2.0],"ForwardPanamaCanalScale":null,"Date":"2017-10-05T00:00:00","DataMappingMode":2}
{"BackwardsRatioScale":[1.0005476116672980826140919396,0.9998037291462217860647693817,1.0],"BackwardsPanamaCanalScale":[13.00,-0.5,0.0],"ForwardPanamaCanalScale":null,"Date":"2017-10-06T00:00:00","DataMappingMode":2}
{"BackwardsRatioScale":[0.9995657199973596154083862557,1.0,1.0],"BackwardsPanamaCanalScale":[10.50,0.0,0.0],"ForwardPanamaCanalScale":null,"Date":"2017-10-09T00:00:00","DataMappingMode":2}
{"BackwardsRatioScale":[0.9978003959235809190703416175,1.0,1.0],"BackwardsPanamaCanalScale":[6.00,0.0,0.0],"ForwardPanamaCanalScale":null,"Date":"2017-11-10T00:00:00","DataMappingMode":2}
{"BackwardsRatioScale":[0.9943773759291142233522276386,0.9910319648012599207537071581,0.9919171503257255716666329838],"BackwardsPanamaCanalScale":[-30.50,-42.50,-23.75],"ForwardPanamaCanalScale":null,"Date":"2017-11-30T00:00:00","DataMappingMode":1}
{"BackwardsRatioScale":[0.8333862623111374885227030412,0.9935667330144496027731035851,1.1140247942109793806555293934],"BackwardsPanamaCanalScale":[-538.75,-30.25,296.00],"ForwardPanamaCanalScale":null,"Date":"2017-12-15T00:00:00","DataMappingMode":0}
{"BackwardsRatioScale":[0.9977036817241117341407040929,1.0,1.0],"BackwardsPanamaCanalScale":[5.75,0.0,0.0],"ForwardPanamaCanalScale":null,"Date":"2018-01-16T00:00:00","DataMappingMode":2}
{"BackwardsRatioScale":[0.9935311773300822615509634509,0.9914069296006550247721535097,0.99088614884660027814982934],"BackwardsPanamaCanalScale":[-32.75,-41.50,-26.50],"ForwardPanamaCanalScale":null,"Date":"2018-02-28T00:00:00","DataMappingMode":1}
{"BackwardsRatioScale":[0.8283387309050413334021313213,0.9930115644171235925648116665,1.113402665695969526198722508],"BackwardsPanamaCanalScale":[-555.00,-31.75,294.50],"ForwardPanamaCanalScale":null,"Date":"2018-03-16T00:00:00","DataMappingMode":0}
{"BackwardsRatioScale":[0.9917076824648347947957997114,0.9898626820467599234874616818,0.9888023615718931549535738701],"BackwardsPanamaCanalScale":[-37.75,-45.75,-32.25],"ForwardPanamaCanalScale":null,"Date":"2018-05-31T00:00:00","DataMappingMode":1}
{"BackwardsRatioScale":[0.99129845077590522100132552,1.0,1.0],"BackwardsPanamaCanalScale":[-12.25,0.0,0.0],"ForwardPanamaCanalScale":null,"Date":"2018-06-11T00:00:00","DataMappingMode":2}
{"BackwardsRatioScale":[0.8275120455448566614127080365,0.9907643218073265354620579513,1.1095858590837505959329984254],"BackwardsPanamaCanalScale":[-557.75,-38.00,285.00],"ForwardPanamaCanalScale":null,"Date":"2018-06-15T00:00:00","DataMappingMode":0}
{"BackwardsRatioScale":[0.9895314303645399710530165619,1.0,1.0],"BackwardsPanamaCanalScale":[-17.25,0.0,0.0],"ForwardPanamaCanalScale":null,"Date":"2018-07-09T00:00:00","DataMappingMode":2}
{"BackwardsRatioScale":[0.9902452563893106144532436934,0.9888601510180780010900432048,0.9876202362545826334330297777],"BackwardsPanamaCanalScale":[-41.75,-48.50,-35.50],"ForwardPanamaCanalScale":null,"Date":"2018-08-31T00:00:00","DataMappingMode":1}
{"BackwardsRatioScale":[0.8260245171509237894705676302,0.9891640204978746440731206718,1.1079950549847057922112306857],"BackwardsPanamaCanalScale":[-562.75,-42.50,281.00],"ForwardPanamaCanalScale":null,"Date":"2018-09-21T00:00:00","DataMappingMode":0}
{"BackwardsRatioScale":[0.9895314303645399710530165619,1.0,1.0],"BackwardsPanamaCanalScale":[-17.25,0.0,0.0],"ForwardPanamaCanalScale":null,"Date":"2018-09-25T00:00:00","DataMappingMode":2}
{"BackwardsRatioScale":[0.9887996428763335186657207099,0.9865726917927962922115792598,0.9890607805717278848074065693],"BackwardsPanamaCanalScale":[-46.00,-55.25,-31.25],"ForwardPanamaCanalScale":null,"Date":"2018-11-30T00:00:00","DataMappingMode":1}
{"BackwardsRatioScale":[0.8290528276835770184710991681,0.986221080960521225801906865,1.1004182209236031185793936502],"BackwardsPanamaCanalScale":[-552.00,-51.25,260.75],"ForwardPanamaCanalScale":null,"Date":"2018-12-21T00:00:00","DataMappingMode":0}
{"BackwardsRatioScale":[0.9895314303645399710530165619,1.0,1.0],"BackwardsPanamaCanalScale":[-17.25,0.0,0.0],"ForwardPanamaCanalScale":null,"Date":"2019-01-14T00:00:00","DataMappingMode":2}
{"BackwardsRatioScale":[0.9871924193282231698002716425,0.9839072396355751206728231919,0.9984119006789514939001311405],"BackwardsPanamaCanalScale":[-50.50,-62.75,-5.25],"ForwardPanamaCanalScale":null,"Date":"2019-02-28T00:00:00","DataMappingMode":1}
{"BackwardsRatioScale":[0.8449747508585016777829860494,0.9851022245361641988336910053,1.0995110336021492000974650487],"BackwardsPanamaCanalScale":[-505.50,-54.00,258.75],"ForwardPanamaCanalScale":null,"Date":"2019-03-15T00:00:00","DataMappingMode":0}
{"BackwardsRatioScale":[1.0012498184934929778932871909,1.0,1.0],"BackwardsPanamaCanalScale":[13.25,0.0,0.0],"ForwardPanamaCanalScale":null,"Date":"2019-03-25T00:00:00","DataMappingMode":2}
{"BackwardsRatioScale":[0.9851586119433656695400238597,0.9821477488636946215299891018,0.9912329069856541063274803973],"BackwardsPanamaCanalScale":[-56.25,-67.75,-25.50],"ForwardPanamaCanalScale":null,"Date":"2019-05-31T00:00:00","DataMappingMode":1}
{"BackwardsRatioScale":[0.8399735752129610759798535348,0.9831914284737593661433064874,1.0978654937156066755441014687],"BackwardsPanamaCanalScale":[-522.25,-59.50,254.50],"ForwardPanamaCanalScale":null,"Date":"2019-06-21T00:00:00","DataMappingMode":0}
{"BackwardsRatioScale":[0.9976043835802318810019254313,1.0,1.0],"BackwardsPanamaCanalScale":[3.00,0.0,0.0],"ForwardPanamaCanalScale":null,"Date":"2019-07-21T00:00:00","DataMappingMode":2}
{"BackwardsRatioScale":[0.9839075034013476071875601139,0.9823259647498974331107421392,0.9835586154839646705024746974],"BackwardsPanamaCanalScale":[-59.75,-67.25,-47.00],"ForwardPanamaCanalScale":null,"Date":"2019-08-31T00:00:00","DataMappingMode":1}
{"BackwardsRatioScale":[0.8408995191184786282555881313,0.9824416637850401800481285719,1.094341938921586991957051143],"BackwardsPanamaCanalScale":[-519.00,-61.75,245.00],"ForwardPanamaCanalScale":null,"Date":"2019-09-20T00:00:00","DataMappingMode":0}
{"BackwardsRatioScale":[0.9976043835802318810019254313,1.0,1.0],"BackwardsPanamaCanalScale":[3.00,0.0,0.0],"ForwardPanamaCanalScale":null,"Date":"2019-10-05T00:00:00","DataMappingMode":2}
{"BackwardsRatioScale":[0.9838233799827941403948799189,0.9818222939424714046883643873,0.9967613162200878647458178669],"BackwardsPanamaCanalScale":[-60.00,-68.75,-8.25],"ForwardPanamaCanalScale":null,"Date":"2019-11-30T00:00:00","DataMappingMode":1}
{"BackwardsRatioScale":[0.8477915616771146494623329366,0.981702738916741219524943451,1.0916961768349904081499019572],"BackwardsPanamaCanalScale":[-494.50,-64.00,237.75],"ForwardPanamaCanalScale":null,"Date":"2019-12-20T00:00:00","DataMappingMode":0}
{"BackwardsRatioScale":[1.0063094829133927176598828958,1.0,1.0],"BackwardsPanamaCanalScale":[28.00,0.0,0.0],"ForwardPanamaCanalScale":null,"Date":"2020-01-02T00:00:00","DataMappingMode":2}
{"BackwardsRatioScale":[0.9831981844120687171584704313,0.9817443096458913831312008953,0.9967613162200878647458178669],"BackwardsPanamaCanalScale":[-62.00,-69.00,-8.25],"ForwardPanamaCanalScale":null,"Date":"2020-02-29T00:00:00","DataMappingMode":1}
{"BackwardsRatioScale":[0.8464112218728644240290325031,0.9813223224481227814797117438,1.0926276582145424477472994845],"BackwardsPanamaCanalScale":[-499.75,-65.25,240.50],"ForwardPanamaCanalScale":null,"Date":"2020-03-20T00:00:00","DataMappingMode":0}
{"BackwardsRatioScale":[0.9994912480430217168010847979,1.0,1.0],"BackwardsPanamaCanalScale":[6.00,0.0,0.0],"ForwardPanamaCanalScale":null,"Date":"2020-04-08T00:00:00","DataMappingMode":2}
{"BackwardsRatioScale":[0.9845986342767528535800618848,0.9801019101316364414613870921,1.0126864566509008602903248575],"BackwardsPanamaCanalScale":[-57.75,-74.00,38.75],"ForwardPanamaCanalScale":null,"Date":"2020-05-31T00:00:00","DataMappingMode":1}
{"BackwardsRatioScale":[0.9130710070501449445184136202,0.9842535872679147180988014901,1.0287772294376301234570666709],"BackwardsPanamaCanalScale":[-321.25,-58.50,100.25],"ForwardPanamaCanalScale":null,"Date":"2020-06-19T00:00:00","DataMappingMode":0}
{"BackwardsRatioScale":[0.9994912480430217168010847979,1.0,1.0],"BackwardsPanamaCanalScale":[6.00,0.0,0.0],"ForwardPanamaCanalScale":null,"Date":"2020-06-29T00:00:00","DataMappingMode":2}
{"BackwardsRatioScale":[0.9878637599085776018923817717,0.9838539647143640776387525886,1.0006941170326665079974131158],"BackwardsPanamaCanalScale":[-47.75,-62.50,2.75],"ForwardPanamaCanalScale":null,"Date":"2020-08-31T00:00:00","DataMappingMode":1}
{"BackwardsRatioScale":[0.954353671337507396837821905,0.9870781916918551096315546922,1.008031420440374145230367568],"BackwardsPanamaCanalScale":[-183.00,-49.75,37.50],"ForwardPanamaCanalScale":null,"Date":"2020-09-18T00:00:00","DataMappingMode":0}
{"BackwardsRatioScale":[1.0096521214558616529257993163,1.0,1.0],"BackwardsPanamaCanalScale":[36.00,0.0,0.0],"ForwardPanamaCanalScale":null,"Date":"2020-09-25T00:00:00","DataMappingMode":2}
{"BackwardsRatioScale":[0.9907681997907039325971209365,0.9864004269136391590101664281,1.0006941170326665079974131158],"BackwardsPanamaCanalScale":[-37.50,-53.50,2.75],"ForwardPanamaCanalScale":null,"Date":"2020-11-30T00:00:00","DataMappingMode":1}
{"BackwardsRatioScale":[0.9688822297526235694326851219,0.9901376266676160757258163903,1.0163292400598528348404955937],"BackwardsPanamaCanalScale":[-132.50,-39.50,64.50],"ForwardPanamaCanalScale":null,"Date":"2020-12-18T00:00:00","DataMappingMode":0}
{"BackwardsRatioScale":[1.0096521214558616529257993163,1.0,1.0],"BackwardsPanamaCanalScale":[36.00,0.0,0.0],"ForwardPanamaCanalScale":null,"Date":"2021-01-08T00:00:00","DataMappingMode":2}
{"BackwardsRatioScale":[0.9930193255544806628212812912,0.9925509076135302165348245255,1.0006941170326665079974131158],"BackwardsPanamaCanalScale":[-29.25,-31.00,2.75],"ForwardPanamaCanalScale":null,"Date":"2021-02-28T00:00:00","DataMappingMode":1}
{"BackwardsRatioScale":[0.9718802509128967218740885603,0.9934790738418453416401178765,1.0184601975466201962121598049],"BackwardsPanamaCanalScale":[-121.00,-27.00,72.25],"ForwardPanamaCanalScale":null,"Date":"2021-03-19T00:00:00","DataMappingMode":0}
{"BackwardsRatioScale":[1.0,1.0,1.0],"BackwardsPanamaCanalScale":[0.0,0.0,0.0],"ForwardPanamaCanalScale":null,"Date":"2021-03-23T00:00:00","DataMappingMode":2}
{"BackwardsRatioScale":[0.9953064850960973266274635,0.9949078886606335864421631589,1.0001663247768475910628153241],"BackwardsPanamaCanalScale":[-20.5,-22.00,0.75],"ForwardPanamaCanalScale":null,"Date":"2021-05-31T00:00:00","DataMappingMode":1}
{"BackwardsRatioScale":[0.976806057021969592922273137,0.9957149128068957909043542529,1.0007008461110081685299159266],"BackwardsPanamaCanalScale":[-101.25,-18.25,3.25],"ForwardPanamaCanalScale":null,"Date":"2021-06-18T00:00:00","DataMappingMode":0}
{"BackwardsRatioScale":[1.0,1.0,1.0],"BackwardsPanamaCanalScale":[0.0,0.0,0.0],"ForwardPanamaCanalScale":null,"Date":"2021-06-20T00:00:00","DataMappingMode":2}
{"BackwardsRatioScale":[1.0,1.0,1.0],"BackwardsPanamaCanalScale":[0.0,0.0,0.0],"ForwardPanamaCanalScale":null,"Date":"2021-08-26T00:00:00","DataMappingMode":2}
{"BackwardsRatioScale":[0.9976813514408744617422987744,0.9980633023461708720672864099,1.0001663247768475910628153241],"BackwardsPanamaCanalScale":[-10.5,-8.75,0.75],"ForwardPanamaCanalScale":null,"Date":"2021-08-31T00:00:00","DataMappingMode":1}
{"BackwardsRatioScale":[0.9871242232547724346414376085,0.9981852208926444734304996314,1.0013067439350036929719902278],"BackwardsPanamaCanalScale":[-57.50,-8.00,5.75],"ForwardPanamaCanalScale":null,"Date":"2021-09-17T00:00:00","DataMappingMode":0}